,Date,sentecne,sentiment_score,sentence,sentiment
0,rt naababyayeley for child it not even femin it just common sen,,0.5879307,2023-05-06 05:56:11,Positive
1,rt sereinxx it funni how you talk about woman right and femin when you attack girl who express their opinion about fiction ch,,0.5888616,2023-05-06 05:56:07,Positive
2,rt tayspetsch femin leav my bodi the moment i listen to better than reveng taylor s version httpstcov6fhlrevhp,,0.58856785,2023-05-06 05:56:03,Positive
3,femin leav peopl bodi when btr tv drop httpstcoprkawbewsj,,0.58114916,2023-05-06 05:55:55,Positive
4,rt naababyayeley for child it not even femin it just common sen,,0.5819831,2023-05-06 05:55:21,Positive
5,rt naababyayeley for child it not even femin it just common sen,,0.5804015,2023-05-06 05:55:16,Positive
6,rt ashleyippolito i m apolog now for who i will becom onc haunt tv is in my hand also the lyric for better for reveng bett,,0.582917,2023-05-06 05:55:12,Positive
7,rt angijon how is equal femin work out for woman whi do liber feminist think they can chang our posit in societi by,,0.5811821,2023-05-06 05:54:55,Positive
8,rt zamarafdn are you a young woman who is passion about femin and advocaci are you interest in explor feminist valu and pr,,0.583383,2023-05-06 05:54:54,Positive
9,rt ashleyippolito i m apolog now for who i will becom onc haunt tv is in my hand also the lyric for better for reveng bett,,0.58361316,2023-05-06 05:54:39,Positive
10,rt tayspetsch femin leav my bodi the moment i listen to better than reveng taylor s version httpstcov6fhlrevhp,,0.58361316,2023-05-06 05:54:39,Positive
11,kingsleycort modern femin and marxist ideolog of destroy the nuclear famili make everybodi more unhappi especi woman,,0.5809236,2023-05-06 05:54:31,Positive
12,rt ashleyippolito i m apolog now for who i will becom onc haunt tv is in my hand also the lyric for better for reveng bett,,0.5815243,2023-05-06 05:54:28,Positive
13,rt audhinafh if i get to throw unpopular opinion about femin it should be they give a lot of love they receiv a lot of love they,,0.58071834,2023-05-06 05:54:22,Positive
14,rt naababyayeley for child it not even femin it just common sen,,0.5835202,2023-05-06 05:54:21,Positive
15,ausrepubl erm hello diana wa like mani a princess befor her her job wa to set femin back a hundr year by chuck dress handshak breed be betray and die quit publicli she bought the whole stupid packag,,0.5863863,2023-05-06 05:54:20,Positive
16,rt bayareajona better than reveng incom femin thrown out the window while listen to the song,,0.5816635,2023-05-06 05:54:16,Positive
17,rt zamarafdn are you a young woman who is passion about femin and advocaci are you interest in explor feminist valu and pr,,0.58576506,2023-05-06 05:54:11,Positive
18,rt naababyayeley for child it not even femin it just common sen,,0.58576506,2023-05-06 05:54:11,Positive
19,rt floretszaynab if you know ani articl written by a nigerian or african or ani one that wrote a book or articl to condemn femin in,,0.5831423,2023-05-06 05:53:58,Positive
20,rt naababyayeley for child it not even femin it just common sen,,0.5827765,2023-05-06 06:15:59,Positive
21,rt naababyayeley for child it not even femin it just common sen,,0.5755302,2023-05-06 06:15:51,Positive
22,rt jakebequette91 the hard truth is that the tran invas of woman s sport is the inevit result of femin titl ix and the abo,,0.5818992,2023-05-06 06:15:32,Positive
23,ayokayejid blythli femin happen,,0.58421576,2023-05-06 06:15:13,Positive
24,rt naababyayeley for child it not even femin it just common sen,,0.5847301,2023-05-06 06:15:09,Positive
25,rt heylutfi femin is cancer httpstcokrcajavnro,,0.58478093,2023-05-06 06:15:01,Positive
26,white fragil by robindiangelo httpstcoe3ce1kerwd hood femin by karnythia httpstcopnz1vnhqsk the karen with the glass is demand answer from a black woman she clearli miss the point of the video httpstcoia5tihfbsx,,0.58165425,2023-05-06 06:15:00,Positive
27,rt myopiclens rais in a fierc polit famili kerala s former health minist kk shailaja goe behind her belief rigour and,,0.5738562,2023-05-06 06:14:57,Positive
28,certainli there someth about femin that lower one iq no my point isnt that you fail to understand thi basic point i made whi is it the case that those who talk day in day out about ethic and moral and social issu demonstr 0 credibl in the field httpstcoxdkg1iclej,,0.5738562,2023-05-06 06:14:57,Positive
29,rt bestredpillcont sneako myron explain to sneako whi femin ruin the west httpstcovbltb9u2ag,,0.5783635,2023-05-06 06:14:27,Positive
30,rt theamitlakhani whi r u tell the femal constabl that theyr not safe either the issu with radic femin is that they want,,0.58081776,2023-05-06 06:14:24,Positive
31,rt yarkafanchan you post thi tweet to taunt femin but the men you are postur for are call you a terribl parent na so de tin,,0.58439124,2023-05-06 06:14:18,Positive
32,rt okkevw there is a wave of femin spread in the east scroll past without read the rest of the tweet dear atheist s,,0.582024,2023-05-06 06:14:17,Positive
33,rt ashleyippolito i m apolog now for who i will becom onc haunt tv is in my hand also the lyric for better for reveng bett,,0.57865274,2023-05-06 06:14:16,Positive
34,rt ashleyippolito i m apolog now for who i will becom onc haunt tv is in my hand also the lyric for better for reveng bett,,0.5746386,2023-05-06 06:14:05,Positive
35,rt jakebequette91 the hard truth is that the tran invas of woman s sport is the inevit result of femin titl ix and the abo,,0.58038336,2023-05-06 06:13:59,Positive
36,rt ashleyippolito i m apolog now for who i will becom onc haunt tv is in my hand also the lyric for better for reveng bett,,0.572911,2023-05-06 06:13:56,Negative
37,rt eccentrikhat femin warp fact and stat to make woman think they are live under constant threat of physic and sexual violenc,,0.5775136,2023-05-06 06:13:47,Positive
38,rt tayspetsch femin leav my bodi the moment i listen to better than reveng taylor s version httpstcov6fhlrevhp,,0.5799304,2023-05-06 06:13:32,Positive
39,rt lwcsboston after earn her phd grace lee bogg struggl to find sustain work amp hous due to racism she move to detroit amp m,,0.5783688,2023-05-06 06:13:16,Positive
40,rt ketanj0 elon musk simultan tri to plea the hard right without lose custom for hi electr car busi is caus him,,0.5848044,2023-05-06 09:37:13,Positive
41,rt fascinatorfun oh lord guess who s the new director of the global warm polici foundat the ever ignor allison pearson co,,0.58054584,2023-05-06 09:35:23,Positive
42,rt ketanj0 elon musk simultan tri to plea the hard right without lose custom for hi electr car busi is caus him,,0.5815021,2023-05-06 09:35:22,Positive
43,rt carbonbubbl the incom presid of the un cop28 summit is at odd with lead environ minist over how to curb global w,,0.5778948,2023-05-06 09:35:05,Positive
44,rt ketanj0 elon musk simultan tri to plea the hard right without lose custom for hi electr car busi is caus him,,0.5778948,2023-05-06 09:35:05,Positive
45,ashsinclairof what about global warm,,0.58191293,2023-05-06 09:34:42,Positive
46,rt newclear314 nba team decod 1 miami heat 06231988 miami heat begin pick first player ever in it expans draft 0623,,0.58422625,2023-05-06 09:34:15,Positive
47,rt cernovich global warm is the largest scam in human histori httpstcondxwvbbpmg,,0.58623075,2023-05-06 09:34:02,Positive
48,make no mistak thi is not global warm it s global tamper httpstcoldfeevpw0t,,0.57840735,2023-05-06 09:33:58,Positive
49,rt elonmusk cernovich global warm risk is overblown in the short term but signific in the long term,,0.5740205,2023-05-06 09:33:57,Positive
50,rt cernovich global warm is the largest scam in human histori httpstcondxwvbbpmg,,0.5828136,2023-05-06 09:33:42,Positive
51,berniespofforth the club or rome were the one that invent climat chang or global warm a it wa then in 1991 the club of rome a group of elit individu new world order lean think tank of selfappoint expert link to the vatican andor the un httpstcoq5eixplrel httpstcoffu1qz7bz,,0.5763651,2023-05-06 09:33:09,Positive
52,rt fascinatorfun oh lord guess who s the new director of the global warm polici foundat the ever ignor allison pearson co,,0.58432984,2023-05-06 09:33:04,Positive
53,rt elonmusk cernovich global warm risk is overblown in the short term but signific in the long term,,0.5800627,2023-05-06 09:32:55,Positive
54,rt cernovich global warm is the largest scam in human histori httpstcondxwvbbpmg,,0.5766722,2023-05-06 09:32:52,Positive
55,rt cernovich global warm is the largest scam in human histori httpstcondxwvbbpmg,,0.5813815,2023-05-06 09:32:21,Positive
56,rt shickssam the biggest global warm scam by climat chang alarmist is say that 90 of ad back radiat caus by greenhous,,0.58406544,2023-05-06 09:31:19,Positive
57,rt jkmetto climat chang is an existenti threat to human henc the effort by kengenkenya contribut to the global effort to mov,,0.58406544,2023-05-06 09:31:19,Positive
58,rt jcs1956 fascinatorfun bernierandall8 global warm polici foundat is it a far right think tank to acceler global warm t,,0.5851202,2023-05-06 09:30:50,Positive
59,rt kosesha so heartwarm to see a cut edg global product name in tamil à®‰à®² is such a simpl catchi pertin yet regal na,,0.58931756,2023-05-06 09:30:36,Positive
60,rt ketanj0 elon musk simultan tri to plea the hard right without lose custom for hi electr car busi is caus him,,0.57377285,2023-05-06 13:37:36,Positive
61,rt jhaspow wait so victor had a weather machin capabl of creat an ice age equival environ and he didnt think to point it,,0.5706807,2023-05-06 13:37:23,Negative
62,global warm caus the earth averag surfac temperatur to rise thi not onli increas heat wave and drought but also caus chang in our natur climat system these chang make extrem weather event more like and more sever climat httpstcofpxxmuksrh,,0.57436657,2023-05-06 13:37:13,Positive
63,jendesuk too hot you are inde the caus of global warm,,0.5684271,2023-05-06 13:36:50,Negative
64,eaglehibma pgdyne remov globalist from power wake up and realiz global warm is a scam,,0.57065433,2023-05-06 13:36:45,Negative
65,un sir let me educ your scientist who are unabl understand the whole mechan of global warm climat chang is badli destroy the planet and their remedi have no effect on crisi radhashyam muduli world citizen forum independ research bhubaneswar india,,0.5708771,2023-05-06 13:36:42,Negative
66,pamcg he right the weather is nice today so global warm isnt a short term concern,,0.5713006,2023-05-06 13:36:41,Negative
67,rt drelidavid the best clip youll see on climat chang i am a scientist and i am the founder of weather channel scienc is not abo,,0.57037336,2023-05-06 13:36:12,Negative
68,realgigij global warm just increas burn,,0.5739358,2023-05-06 13:36:04,Positive
69,rt cernovich global warm is the largest scam in human histori httpstcondxwvbbpmg,,0.5726456,2023-05-06 13:35:44,Negative
70,rt drpatrickflynn bill gate ha resolv to block the sun to combat global warm but is the sun the enemi of life on earth no the s,,0.5759312,2023-05-06 13:35:30,Positive
71,rt climatecraz the global warm religion is so success becaus data is not a requir just a deep belief in someth is nece,,0.5755038,2023-05-06 13:35:19,Positive
72,maybeburk biminibluffc davidduwa cernovich still is cyclicalthi all ha happen befor we cant era global histori and the planet is in a cool cycl now and ha been for at least 2 decad that whi it chang from global warm to climat chang a buzzword,,0.57695353,2023-05-06 13:35:14,Positive
73,protesterlon true my issu is what they are do in the current erathey are behind global warm fear monger antimeat for the mass amp promot mandatori vax etc the queen didnt lectur peopl but be lectur to by charl about anyth is to me the height of hypocrisi,,0.5753343,2023-05-06 13:35:12,Positive
74,littl greeni of germani enjoy the global warm that you have guarante with your corrupt respons to a bloodi border issu that wa ramp up by the collect west,,0.57786024,2023-05-06 13:35:09,Positive
75,rt cernovich global warm is the largest scam in human histori httpstcondxwvbbpmg,,0.5784306,2023-05-06 13:35:04,Positive
76,rt cernovich global warm is the largest scam in human histori httpstcondxwvbbpmg,,0.5682329,2023-05-06 13:34:52,Negative
77,rt rifleman4wvu if we spend 50 trillion on global warm how much will it reduc the world s temperatur avoid the question http,,0.56861526,2023-05-06 13:34:22,Negative
78,bushelsperacr carolynbranno16 global warm nut,,0.56927943,2023-05-06 13:33:53,Negative
79,rt cernovich global warm is the largest scam in human histori httpstcondxwvbbpmg,,0.5697422,2023-05-06 13:33:47,Negative
80,rt cernovich global warm is the largest scam in human histori httpstcondxwvbbpmg,,0.570137,2023-05-06 13:33:29,Negative
81,rt iansart now that alberta is burn is it now that daniel smith her ucp mla have their road to damascu moment and wake up to,,0.5677503,2023-05-06 13:33:28,Negative
82,rt climatecraz the global warm religion is so success becaus data is not a requir just a deep belief in someth is nece,,0.57539433,2023-05-06 13:33:15,Positive
83,rt cernovich global warm is the largest scam in human histori httpstcondxwvbbpmg,,0.56608796,2023-05-06 13:32:54,Negative
84,rt cernovich global warm is the largest scam in human histori httpstcondxwvbbpmg,,0.5726501,2023-05-06 13:32:43,Negative
85,rt joshwalko kari mulli who won the 1994 nobel prize for chemistri by invent the process known a polymeras chain reaction pcr,,0.57263905,2023-05-06 13:32:31,Negative
86,rt cernovich global warm is the largest scam in human histori httpstcondxwvbbpmg,,0.57101065,2023-05-06 13:32:25,Negative
87,rt elonmusk cernovich global warm risk is overblown in the short term but signific in the long term,,0.5714739,2023-05-06 13:32:06,Negative
88,rt ketanj0 elon musk simultan tri to plea the hard right without lose custom for hi electr car busi is caus him,,0.5729723,2023-05-06 13:31:32,Negative
89,shamisoanitah dadyjaay we can that whi we it call global warm not zimbabw warm and the is world health org studi are done to see how the whole human popul is do and fact is a a whole human better off today than they were 100 year ago,,0.57534856,2023-05-06 13:31:11,Positive
90,rt ketanj0 elon musk simultan tri to plea the hard right without lose custom for hi electr car busi is caus him,,0.57650596,2023-05-06 13:31:10,Positive
91,rt ketanj0 elon musk simultan tri to plea the hard right without lose custom for hi electr car busi is caus him,,0.5781105,2023-05-06 13:31:03,Positive
92,rt ingridkem thi week pascallamyppf aranchaglezlaya met hon hontuya environmentk to introduc overshootcomm which is an independ,,0.57845765,2023-05-06 13:30:25,Positive
93,isthisbicuitur no vabbÃ¨ ma sul serio fai doe anyon think global warm is a good thing i love ladi gaga i think she a realli interest artist,,0.5808595,2023-05-06 13:30:13,Positive
94,rt ketanj0 elon musk simultan tri to plea the hard right without lose custom for hi electr car busi is caus him,,0.57170117,2023-05-06 13:29:55,Negative
95,rt cernovich global warm is the largest scam in human histori httpstcondxwvbbpmg,,0.57254094,2023-05-06 13:29:43,Negative
96,shannenpil 100true how peopl fall for it and global warm idk,,0.57225835,2023-05-06 13:29:35,Negative
97,senatorortt methan is bad for the environ respons for more than 25 of the global warm we are experienc today due to it structur ch 4 trap more heat in the atmospher per molecul than co2 make it 80 time more harm than co2 for 20 year after it is releas,,0.56866264,2023-05-06 13:28:58,Negative
98,rt cernovich global warm is the largest scam in human histori httpstcondxwvbbpmg,,0.5696189,2023-05-06 13:28:23,Negative
99,rt tanstaafl6817 if you ever want to infuri and silenc a global warm climat cultist ask them thi so what exactli is ear,,0.5696189,2023-05-06 13:28:23,Negative
100,rt cernovich global warm is the largest scam in human histori httpstcondxwvbbpmg,,0.5707465,2023-05-06 13:27:52,Negative
101,rt cernovich global warm is the largest scam in human histori httpstcondxwvbbpmg,,0.5698046,2023-05-06 13:26:28,Negative
102,over time their rhetor ha intensifi global warm gt climat chang climat chang gt climat emerg today a coalit of wealthi amp power peopl repres by one organ are use the climat emerg a a vector to reshap how we live httpstcoabav8vslez,,0.5705403,2023-05-06 13:26:16,Negative
103,rt mordantivor in 2021 india ran out of fuel for cremat due to the million dead from covid over summer the heat wave from global,,0.5753543,2023-05-06 13:26:15,Positive
104,rt elonmusk cernovich global warm risk is overblown in the short term but signific in the long term,,0.5729744,2023-05-06 13:26:12,Negative
105,rt cernovich global warm is the largest scam in human histori httpstcondxwvbbpmg,,0.5739596,2023-05-06 13:26:08,Positive
106,rt elonmusk cernovich global warm risk is overblown in the short term but signific in the long term,,0.5765261,2023-05-06 13:26:03,Positive
107,coffeelover1882 xrebellionuk i do believ that wa the exact quot i just post to you listen clearli were not go to agre so let call it a day and agre to differ in the meantim get some blackout curtain for your window it go to be a scorch summer global warm and all that jazz,,0.57498115,2023-05-06 13:26:01,Positive
108,rt cernovich global warm is the largest scam in human histori httpstcondxwvbbpmg,,0.57066953,2023-05-06 13:25:22,Negative
109,rt ketanj0 elon musk simultan tri to plea the hard right without lose custom for hi electr car busi is caus him,,0.5757537,2023-05-06 13:25:19,Positive
110,knock knock alberta exceed 15 c global warm could trigger multipl climat tip point scienc httpstcoftizkehrc,,0.5718866,2023-05-06 13:25:16,Negative
111,rickydoggin noaa say global warm is primarili le sever cold not wors heat httpstcoj5cgo7xwl5 the u inflat reduct act spend 369 billion 2200taxpay to reduc it by much le than a 1 mile latitud chang even by gener ipcc assumpt httpstcol2uzvfgqux httpstcobgzur8jnjj,,0.56955516,2023-05-06 13:24:55,Negative
112,rt cernovich global warm is the largest scam in human histori httpstcondxwvbbpmg,,0.5726156,2023-05-06 13:24:37,Negative
113,elonmusk cernovich if you believ in global warm whi do you keep launch rocket and spacecraft that emit carbon emiss,,0.5677717,2023-05-06 13:24:28,Negative
114,elonmusk cernovich even the brilliant elon musk is fool by global warm but hey he need to sell car doesnt he,,0.56387216,2023-05-06 13:23:56,Negative
115,rt cernovich global warm is the largest scam in human histori httpstcondxwvbbpmg,,0.56568587,2023-05-06 13:23:54,Negative
116,dailycal senjohnkennedi it will never work the u will never reduc global warm becaus other countri do not care we need to do a better job clean up the ocean in my opinion,,0.5653301,2023-05-06 13:22:52,Negative
117,rt jessecral through the power of free market through good oldfashion american ingenu we will dramat reduc pollut an,,0.5661571,2023-05-06 13:22:50,Negative
118,whi ha global warm paus william happer httpstcobqyfsyosr1 via youtub,,0.5661571,2023-05-06 13:22:50,Negative
119,xenog are there peopl in your countri who do not believ in global warm i had hope that the denial of it wa mostli a usbas delus,,0.5685714,2023-05-06 13:22:30,Negative
120,rt cernovich global warm is the largest scam in human histori httpstcondxwvbbpmg,,0.56787735,2023-05-06 13:22:29,Negative
121,rt ckellyuap melbourn on track for coldest may weekend for 23 year imagin how cold it would realli be without gl,,0.5670048,2023-05-06 13:21:58,Negative
122,gbnew yay thank heaven for global warm,,0.56729555,2023-05-06 13:21:23,Negative
123,rt ketanj0 elon musk simultan tri to plea the hard right without lose custom for hi electr car busi is caus him,,0.56630296,2023-05-06 13:20:48,Negative
124,rt cernovich global warm is the largest scam in human histori httpstcondxwvbbpmg,,0.57143253,2023-05-06 13:20:36,Negative
125,rt weatherindia the wmo ha increas the probabl for an elniÃ±o global weather pattern to arriv a earli a thi summer here s,,0.5695756,2023-05-06 13:20:27,Negative
126,rt ketanj0 elon musk simultan tri to plea the hard right without lose custom for hi electr car busi is caus him,,0.57078487,2023-05-06 13:20:25,Negative
127,rt azdzitowiecki chrismartzwx matthewwielicki 97 myth cook by cook pun intend wa debunk so mani time and immedi after h,,0.56841826,2023-05-06 13:20:23,Negative
128,my twitter ha is that i m just think to myself right now we need global warm i ve said if hillari clinton were run,,0.5736529,2023-05-06 13:20:14,Negative
129,rt cernovich global warm is the largest scam in human histori httpstcondxwvbbpmg,,0.57292926,2023-05-06 13:20:09,Negative
130,rt elonmusk cernovich global warm risk is overblown in the short term but signific in the long term,,0.5697858,2023-05-06 13:18:26,Negative
131,rt ketanj0 elon musk simultan tri to plea the hard right without lose custom for hi electr car busi is caus him,,0.5727162,2023-05-06 13:18:08,Negative
132,rt cernovich global warm is the largest scam in human histori httpstcondxwvbbpmg,,0.57893807,2023-05-06 13:18:02,Positive
133,rt cernovich global warm is the largest scam in human histori httpstcondxwvbbpmg,,0.5708231,2023-05-06 13:17:38,Negative
134,cult of person the brainwash who think scienc is fact and nonpolit with respect to global warm amp covid lack critic analyt think skill and will follow ani govern pie piper like fauci right to their grave fine,,0.5724404,2023-05-06 13:17:34,Negative
135,gbnew wouldnt have expect gbnew to be push the global warm narr,,0.57298493,2023-05-06 13:17:14,Negative
136,rt cernovich global warm is the largest scam in human histori httpstcondxwvbbpmg,,0.57311815,2023-05-06 13:17:09,Negative
137,meowreddi global warm season,,0.5651005,2023-05-06 13:16:57,Negative
138,rt cernovich global warm is the largest scam in human histori httpstcondxwvbbpmg,,0.5655137,2023-05-06 13:16:54,Negative
139,elonmusk cernovich if u want to reduc global warm teh stop use patrol and use electr in all vehicl,,0.57018363,2023-05-06 13:16:53,Negative
140,we cant drive fli or eat meat becaus global warm but they can wage massiv war all over the world and creat a co2 footprint so huge it cant be measur with no worri about climat chang nato move east gear up for war with china httpstco4wrvym71cc,,0.5758307,2023-05-06 13:16:07,Positive
141,rt awakeinkitchenr hellocanada shouldn t these commi be watch it virtual you know becaus global warm,,0.57223874,2023-05-06 13:15:50,Negative
142,rt amus global warm despit leav hi famili behind princ harri decid to take a high perform privat jet 5500 mile to lo,,0.5728317,2023-05-06 13:15:45,Negative
143,rt weatherindia the wmo ha increas the probabl for an elniÃ±o global weather pattern to arriv a earli a thi summer here s,,0.5760324,2023-05-06 13:15:30,Positive
144,global warmingcom to a citi near you revel 867 a third of the earth wa burn up along with a third of the tree and all the green grass revel 1689 the peopl were scorch by intens heat and they cur the name of god,,0.5743886,2023-05-06 13:15:20,Positive
145,rt azdzitowiecki chrismartzwx matthewwielicki 97 myth cook by cook pun intend wa debunk so mani time and immedi after h,,0.57630754,2023-05-06 13:15:18,Positive
146,hellocanada shouldn t these commi be watch it virtual you know becaus global warm,,0.57529783,2023-05-06 13:15:11,Positive
147,rt ckellyuap melbourn on track for coldest may weekend for 23 year imagin how cold it would realli be without gl,,0.5781224,2023-05-06 13:15:04,Positive
148,rt fascinatorfun oh lord guess who s the new director of the global warm polici foundat the ever ignor allison pearson co,,0.5747166,2023-05-06 13:13:55,Positive
149,rt cernovich global warm is the largest scam in human histori httpstcondxwvbbpmg,,0.57990116,2023-05-06 13:13:30,Positive
150,rt cernovich global warm is the largest scam in human histori httpstcondxwvbbpmg,,0.5790084,2023-05-06 13:13:15,Positive
151,yosirbi it a strong messag for all global warm onli happen becaus we give it the attent it want if we ignor it itll get bore and go home,,0.5792806,2023-05-06 13:13:10,Positive
152,rt ketanj0 elon musk simultan tri to plea the hard right without lose custom for hi electr car busi is caus him,,0.5697562,2023-05-06 13:12:47,Negative
153,wxyzdetroit damn global warm,,0.56923705,2023-05-06 13:12:42,Negative
154,chrismartzwx matthewwielicki 97 myth cook by cook pun intend wa debunk so mani time and immedi after he push it in articl link to paper on thi httpstcok4h58hfufu httpstcopcujxiokzm,,0.56923705,2023-05-06 13:12:42,Negative
155,rt cernovich global warm is the largest scam in human histori httpstcondxwvbbpmg,,0.5692528,2023-05-06 13:12:36,Negative
156,oh yeah look like old man winter is kick back for 6 month so mother natur can make fool with their global warm httpstcoadigfqbf4,,0.5678349,2023-05-06 13:12:32,Negative
157,rt ketanj0 elon musk simultan tri to plea the hard right without lose custom for hi electr car busi is caus him,,0.574332,2023-05-06 13:12:01,Positive
158,rt climatecraz global warm is the answer to your problem dure the african humid period ahp your desert were green due to annu,,0.5725573,2023-05-06 13:11:39,Negative
159,rt ketanj0 elon musk simultan tri to plea the hard right without lose custom for hi electr car busi is caus him,,0.56530344,2023-05-06 13:10:48,Negative
160,rt wideawakemedia geologist professor ian plimer no one ha ever shown that human emiss of carbon dioxid drive global warm i,,0.57055604,2023-05-06 13:10:38,Negative
161,whynothink dougofgabriola edgarrmcgregor 97 myth wa debunk long time ago even in the guardian of all thing httpstcok4h58hfufu httpstcoauw3hll2zi,,0.57387155,2023-05-06 13:10:01,Positive
162,poe314pi soon our epa would come out and reassert that the drought is a sign of global warm and joe would write anoth of hi eo requir all cow to have methan collector insert in their ar,,0.57362825,2023-05-06 13:09:57,Negative
163,rt emothik elonmusk cernovich how much and how much is the cost were are assum to avoid it and moreov appli restrict t,,0.5724396,2023-05-06 13:09:56,Negative
164,rt ckellyuap melbourn on track for coldest may weekend for 23 year imagin how cold it would realli be without gl,,0.572376,2023-05-06 13:09:48,Negative
165,21wire global warm ha alreadi been happen thi ha been a few centuri run of the warmest temperatur record for a veri long time it onli get colder from here,,0.58392054,2023-05-06 13:08:30,Positive
166,rt ketanj0 elon musk simultan tri to plea the hard right without lose custom for hi electr car busi is caus him,,0.58249944,2023-05-06 13:08:24,Positive
167,if you believ in manmad global warm plea don t procreat,,0.58469176,2023-05-06 13:08:13,Positive
168,rt cernovich global warm is the largest scam in human histori httpstcondxwvbbpmg,,0.58469176,2023-05-06 13:08:13,Positive
169,rt cernovich global warm is the largest scam in human histori httpstcondxwvbbpmg,,0.5857172,2023-05-06 13:08:10,Positive
170,it too bad you promot peopl like frank lase who is a blatant propagandist for climat chang amp global warm denier shame on you thi kind of ignor is caus sever damag to our environ httpstcormgofeidw0,,0.5857172,2023-05-06 13:08:10,Positive
171,rt weatherindia the wmo ha increas the probabl for an elniÃ±o global weather pattern to arriv a earli a thi summer here s,,0.5756948,2023-05-06 13:07:58,Positive
172,rt ketanj0 elon musk simultan tri to plea the hard right without lose custom for hi electr car busi is caus him,,0.5778198,2023-05-06 13:07:53,Positive
173,rt victorydeclar rfk say the whole global warm system is a scam of the mega bank amp the ultra rich like bill gate he also say the,,0.5802367,2023-05-06 13:07:39,Positive
174,rt drelidavid the best clip youll see on climat chang i am a scientist and i am the founder of weather channel scienc is not abo,,0.5831288,2023-05-06 13:07:12,Positive
175,rt ketanj0 elon musk simultan tri to plea the hard right without lose custom for hi electr car busi is caus him,,0.57837605,2023-05-06 13:06:42,Positive
176,rt cernovich global warm is the largest scam in human histori httpstcondxwvbbpmg,,0.58298856,2023-05-06 13:06:30,Positive
177,and the same appal weather a the previou two coronationsso much for global warminglol coron,,0.5826138,2023-05-06 13:06:12,Positive
178,weatherwatchuk climat chang or global warm a it been defin ha ad 1 c to global temperatur sinc the end of the littl ice age due to human activ you dont you agre with thi simpl fact httpstco0jiiu55elf,,0.5843794,2023-05-06 13:06:03,Positive
179,rt cernovich global warm is the largest scam in human histori httpstcondxwvbbpmg,,0.5796351,2023-05-06 13:05:30,Positive
180,rt climatecraz the global warm religion is so success becaus data is not a requir just a deep belief in someth is nece,,0.5752806,2023-05-06 13:05:29,Positive
181,searledj kylenabeck st4ke elonmusk cernovich real scientist disagre with y all global warm is real and we need to stop pretend we are expert in the subject,,0.5797959,2023-05-06 13:05:11,Positive
182,rt ketanj0 elon musk simultan tri to plea the hard right without lose custom for hi electr car busi is caus him,,0.57386035,2023-05-06 13:05:05,Positive
183,rt ketanj0 elon musk simultan tri to plea the hard right without lose custom for hi electr car busi is caus him,,0.5811224,2023-05-06 13:04:49,Positive
184,rt ketanj0 elon musk simultan tri to plea the hard right without lose custom for hi electr car busi is caus him,,0.5775853,2023-05-06 13:04:47,Positive
185,kirky861 tmcintyreformla global warm the say well they flick the lighter with the other hand,,0.57935596,2023-05-06 13:04:25,Positive
186,rt ckellyuap melbourn on track for coldest may weekend for 23 year imagin how cold it would realli be without gl,,0.5771986,2023-05-06 13:04:23,Positive
187,can iceberg surg in the arctic trigger rapid warm at the other end of the world httpstco6pwef6zzv4,,0.57613385,2023-05-06 13:04:22,Positive
188,rt cernovich global warm is the largest scam in human histori httpstcondxwvbbpmg,,0.5839768,2023-05-06 13:04:19,Positive
189,rt kosesha so heartwarm to see a cut edg global product name in tamil à®‰à®² is such a simpl catchi pertin yet regal na,,0.5824897,2023-05-06 13:04:07,Positive
190,rt climatecraz the global warm religion is so success becaus data is not a requir just a deep belief in someth is nece,,0.57885396,2023-05-06 13:03:42,Positive
191,rt cernovich global warm is the largest scam in human histori httpstcondxwvbbpmg,,0.5794272,2023-05-06 13:03:29,Positive
192,rt cernovich global warm is the largest scam in human histori httpstcondxwvbbpmg,,0.58163553,2023-05-06 13:03:20,Positive
193,rt ketanj0 elon musk simultan tri to plea the hard right without lose custom for hi electr car busi is caus him,,0.582721,2023-05-06 13:03:12,Positive
194,rt cernovich global warm is the largest scam in human histori httpstcondxwvbbpmg,,0.574255,2023-05-06 13:03:05,Positive
195,rt cernovich global warm is the largest scam in human histori httpstcondxwvbbpmg,,0.5834482,2023-05-06 13:03:04,Positive
196,rt gonzalolira1968 he s absolut right climat chang is a scam i learn thi in the work i did in renew energi and it s co,,0.5706461,2023-05-06 13:02:56,Negative
197,rt thechiefnerd sen john kennedi destroy energi secretari david turk s global warm propos you don t know do you mr secretari,,0.5796763,2023-05-06 13:02:38,Positive
198,rt climatecraz the global warm religion is so success becaus data is not a requir just a deep belief in someth is nece,,0.5794464,2023-05-06 13:02:34,Positive
199,more than enough proof of global pollut through use of commerci airplan these idiot think they are save the planet from global warm insan thi is deliber poison of all lifeform geoengin documentari httpstcoeuj3h2udoh,,0.57953495,2023-05-06 13:02:21,Positive
200,rt cernovich global warm is the largest scam in human histori httpstcondxwvbbpmg,,0.58101285,2023-05-06 13:02:12,Positive
201,massiv mussel dieoff on south shore n scrosati thought it wa global warm but cameron hit on the thesi they re go with last februari s polar vortex mayb the polar vortex move further south might have someth to do with climatechang httpstcotvkgc2abck httpstco5opi9rc7da,,0.5706256,2023-05-06 13:02:05,Negative
202,bennyjohnson greatest hoax in histori evolut global warm homo is normal biden got 89 million vote and demoncrat are for the peopl,,0.5819611,2023-05-06 13:02:03,Positive
203,rt climatecraz for those who studi data versu climatescam global warm is the healthier climat httpstcoufnunfwzib,,0.57869524,2023-05-06 13:01:45,Positive
204,justintrudeau you re contribut to global warm and pollut fli around like that mayb just do a zoom call,,0.5804632,2023-05-06 13:01:33,Positive
205,rt elonmusk cernovich global warm risk is overblown in the short term but signific in the long term,,0.5812649,2023-05-06 13:01:29,Positive
206,rt cernovich global warm is the largest scam in human histori httpstcondxwvbbpmg,,0.5784763,2023-05-06 13:01:28,Positive
207,justinwelbi wabbey royalfamili filthi sermon the filthi thing you support is what is kill earth not your useless global warm your unnatur way of do thing is kill natur but natur will deal with you all,,0.5838571,2023-05-06 13:01:19,Positive
208,rt ketanj0 elon musk simultan tri to plea the hard right without lose custom for hi electr car busi is caus him,,0.58382547,2023-05-06 13:01:18,Positive
209,rt cernovich global warm is the largest scam in human histori httpstcondxwvbbpmg,,0.58050776,2023-05-06 13:01:16,Positive
210,rt steveohfromoz thi is anoth exampl of whi the purveyor of the greatest hoax ever had to chang it name from global warm to,,0.5845386,2023-05-06 13:01:10,Positive
211,top 15 unbeliev reason that prove global warm might be a hoax conserv energi futur httpstcompfs0ef5zb,,0.5811928,2023-05-06 13:00:52,Positive
212,rt ketanj0 elon musk simultan tri to plea the hard right without lose custom for hi electr car busi is caus him,,0.58649373,2023-05-06 13:00:47,Positive
213,rt cernovich global warm is the largest scam in human histori httpstcondxwvbbpmg,,0.58649373,2023-05-06 13:00:47,Positive
214,rt elonmusk cernovich global warm risk is overblown in the short term but signific in the long term,,0.5853697,2023-05-06 13:00:42,Positive
215,rt carbonbubbl the incom presid of the un cop28 summit is at odd with lead environ minist over how to curb global w,,0.5865667,2023-05-06 13:00:35,Positive
216,rt cernovich global warm is the largest scam in human histori httpstcondxwvbbpmg,,0.5855516,2023-05-06 13:00:30,Positive
217,rt elonmusk cernovich global warm risk is overblown in the short term but signific in the long term,,0.5860727,2023-05-06 13:00:21,Positive
218,the wmo ha increas the probabl for an elniÃ±o global weather pattern to arriv a earli a thi summer here s whi that could be concern in a warm world httpstcoi0gw1rovy8,,0.5871504,2023-05-06 13:00:01,Positive
219,rt cernovich global warm is the largest scam in human histori httpstcondxwvbbpmg,,0.58040184,2023-05-06 13:00:00,Positive
220,rt elonmusk cernovich global warm risk is overblown in the short term but signific in the long term,,0.5737617,2023-05-06 12:59:57,Negative
221,rt ingridkem thi week pascallamyppf aranchaglezlaya met hon hontuya environmentk to introduc overshootcomm which is an independ,,0.5819291,2023-05-06 12:59:41,Positive
222,rt tanstaafl6817 if you ever want to infuri and silenc a global warm climat cultist ask them thi so what exactli is ear,,0.5811981,2023-05-06 12:59:40,Positive
223,cernovich world temperatur have alway gone up or down it got noth to do with what we put in the atmospher howev nuke are go to exponenti increas the global temperatur by hundr of degre global warm is the biggest lie ever money ha no bear on temp,,0.58243394,2023-05-06 12:59:37,Positive
224,rt robinmonotti but have natur disast becom so much more common in recent year the number of disast ha actual been decli,,0.5801154,2023-05-06 12:59:33,Positive
225,rt cernovich global warm is the largest scam in human histori httpstcondxwvbbpmg,,0.5801154,2023-05-06 12:59:33,Positive
226,rt cernovich global warm is the largest scam in human histori httpstcondxwvbbpmg,,0.5763991,2023-05-06 12:59:26,Positive
227,rt bagehot99 joncoopertweet you ve been say that for 8 year like global warm it never seem to happen,,0.58240247,2023-05-06 12:59:10,Positive
228,newstalkfm what happen to global warm be care with your repli i studi thi in uni and realiz that the data wa unsound at best,,0.58007246,2023-05-06 12:59:06,Positive
229,rt drelidavid the best clip youll see on climat chang i am a scientist and i am the founder of weather channel scienc is not abo,,0.5763542,2023-05-06 12:58:38,Positive
230,rt ketanj0 elon musk simultan tri to plea the hard right without lose custom for hi electr car busi is caus him,,0.5748033,2023-05-06 12:58:35,Positive
231,rt cernovich global warm is the largest scam in human histori httpstcondxwvbbpmg,,0.57593095,2023-05-06 12:58:24,Positive
232,rt cernovich global warm is the largest scam in human histori httpstcondxwvbbpmg,,0.57371277,2023-05-06 12:58:21,Negative
233,rt ketanj0 elon musk simultan tri to plea the hard right without lose custom for hi electr car busi is caus him,,0.5758909,2023-05-06 12:58:14,Positive
234,cernovich if western govern realli believ in humancaus global warm and consid it a seriou threat you would think they would see declin birth rate in western countri a salvat but no they seek immigr to keep popul grow,,0.58414304,2023-05-06 12:58:02,Positive
235,rt cernovich global warm is the largest scam in human histori httpstcondxwvbbpmg,,0.5729692,2023-05-06 12:57:26,Negative
236,rt cernovich global warm is the largest scam in human histori httpstcondxwvbbpmg,,0.57335836,2023-05-06 12:57:21,Negative
237,rt icansee534 did they get their share of global warm or what,,0.5760747,2023-05-06 12:57:17,Positive
238,global warm space elev amp space shaft singapor ha some idea httpstcoddhhsicnhz,,0.57612956,2023-05-06 12:56:38,Positive
239,rt joyofvegan ssclonmel plea do tell them how dairi is destroy our planet and ruin their futur run off from dairi is caus,,0.5778188,2023-05-06 12:56:37,Positive
240,mfdissent douglasdu dcexamin vivekgramaswami potu robertkennedyjr he still a kennedi he still support the quack theori of global warm and im sure he got a few other big red flag but a far a democrat go he definit the most likeabl of the bunch,,0.5744258,2023-05-06 12:56:32,Positive
241,rt elonmusk cernovich global warm risk is overblown in the short term but signific in the long term,,0.5744258,2023-05-06 12:56:32,Positive
242,ryanmau new studi show global warm increas frequenc of the mostdestruct tropic storm hurrican frequenc ha increas the most where the storm can strike the caribbean and southeastern unit state httpstcoe5lv26lnn2,,0.578124,2023-05-06 12:56:09,Positive
243,rt cernovich global warm is the largest scam in human histori httpstcondxwvbbpmg,,0.5731404,2023-05-06 12:55:28,Negative
244,rt thechiefnerd sen john kennedi destroy energi secretari david turk s global warm propos you don t know do you mr secretari,,0.5744094,2023-05-06 12:55:16,Positive
245,rt dakshx77 tree plantat contribut to environment conserv by mitig climat chang through carbon sequestr tree ab,,0.5762641,2023-05-06 12:55:14,Positive
246,rt thechiefnerd sen john kennedi destroy energi secretari david turk s global warm propos you don t know do you mr secretari,,0.5709863,2023-05-06 12:54:52,Negative
247,rt drelidavid the best clip youll see on climat chang i am a scientist and i am the founder of weather channel scienc is not abo,,0.57283765,2023-05-06 12:54:50,Negative
248,rt cernovich global warm is the largest scam in human histori httpstcondxwvbbpmg,,0.5737394,2023-05-06 12:54:47,Negative
249,rt ckellyuap melbourn on track for coldest may weekend for 23 year imagin how cold it would realli be without gl,,0.5755245,2023-05-06 12:54:41,Positive
250,rt cernovich global warm is the largest scam in human histori httpstcondxwvbbpmg,,0.57051337,2023-05-06 12:54:27,Negative
251,geraldkutney it so obviou manmad global warm is a hoax you dont even need to be a scientist to believ it lol,,0.5746832,2023-05-06 12:53:37,Positive
252,rt cernovich global warm is the largest scam in human histori httpstcondxwvbbpmg,,0.5735004,2023-05-06 12:53:31,Negative
253,trafalgarback well i certainli think they are fascin anim it a shame global warm is make it hard for them though,,0.57761776,2023-05-06 12:53:09,Positive
254,rt cernovich global warm is the largest scam in human histori httpstcondxwvbbpmg,,0.56784445,2023-05-06 12:52:51,Negative
255,rt cernovich global warm is the largest scam in human histori httpstcondxwvbbpmg,,0.5769882,2023-05-06 12:52:30,Positive
256,rt cernovich global warm is the largest scam in human histori httpstcondxwvbbpmg,,0.5761009,2023-05-06 12:52:10,Positive
257,rt cernovich global warm is the largest scam in human histori httpstcondxwvbbpmg,,0.5680987,2023-05-06 12:51:57,Negative
258,rt cernovich global warm is the largest scam in human histori httpstcondxwvbbpmg,,0.57423776,2023-05-06 12:51:53,Positive
259,rt iansart now that alberta is burn is it now that daniel smith her ucp mla have their road to damascu moment and wake up to,,0.57486695,2023-05-06 12:51:40,Positive
260,rt cernovich global warm is the largest scam in human histori httpstcondxwvbbpmg,,0.5743808,2023-05-05 23:59:58,Positive
261,rt catturd2 democrat polici 101 1 creat a problem that doesnt exist like global warm 2 use fake scientist fake news fa,,0.57599103,2023-05-05 23:59:37,Positive
262,rt mordantivor in 2021 india ran out of fuel for cremat due to the million dead from covid over summer the heat wave from global,,0.57557344,2023-05-05 23:59:20,Positive
263,rt cernovich global warm is the largest scam in human histori httpstcondxwvbbpmg,,0.5741077,2023-05-05 23:59:13,Positive
264,rt cernovich global warm is the largest scam in human histori httpstcondxwvbbpmg,,0.5760385,2023-05-05 23:59:11,Positive
265,jakesna cernovich simpl question if you accept it depend a an answer there is no definit answer to give so it make no differ how simpl you think it is you know global warm isnt a scam when you look at scientif evid not nation argu over money,,0.56755054,2023-05-05 23:59:05,Negative
266,rt therightmelissa in 1970 s the settl scienc by the expert wa tell u the earth wa cool amp an ice age would wipe u out,,0.57557267,2023-05-05 23:59:01,Positive
267,rt cernovich global warm is the largest scam in human histori httpstcondxwvbbpmg,,0.5683336,2023-05-05 23:58:56,Negative
268,rt ketanj0 elon musk simultan tri to plea the hard right without lose custom for hi electr car busi is caus him,,0.5753222,2023-05-05 23:58:53,Positive
269,rt cernovich global warm is the largest scam in human histori httpstcondxwvbbpmg,,0.5753222,2023-05-05 23:58:53,Positive
270,she so tire of the weather she will end global warm herself httpstcovk0srs77t5,,0.5753996,2023-05-05 23:58:45,Positive
271,rt mordantivor in 2021 india ran out of fuel for cremat due to the million dead from covid over summer the heat wave from global,,0.5753996,2023-05-05 23:58:45,Positive
272,rt cernovich global warm is the largest scam in human histori httpstcondxwvbbpmg,,0.5743674,2023-05-05 23:58:37,Positive
273,rt cernovich global warm is the largest scam in human histori httpstcondxwvbbpmg,,0.57307166,2023-05-05 23:58:34,Negative
274,tesla concentr on advanc afford technolog that reduc the threat pose by global warm 1stprioriti,,0.57364047,2023-05-05 23:58:33,Negative
275,rt rifleman4wvu if we spend 50 trillion on global warm how much will it reduc the world s temperatur avoid the question http,,0.5737274,2023-05-05 23:58:30,Negative
276,rt cernovich global warm is the largest scam in human histori httpstcondxwvbbpmg,,0.5749557,2023-05-05 23:58:20,Positive
277,rt ketanj0 elon musk simultan tri to plea the hard right without lose custom for hi electr car busi is caus him,,0.57480675,2023-05-05 23:58:06,Positive
278,rt kosesha so heartwarm to see a cut edg global product name in tamil à®‰à®² is such a simpl catchi pertin yet regal na,,0.56661963,2023-05-05 23:58:05,Negative
279,fringedcanuck almost all intent to push the global warm narr watch for the climat chang lockdown,,0.5747858,2023-05-05 23:58:01,Positive
280,save emperor penguin stop global warm tee httpstcom13it8t61 save emperorpenguin stop globalwarm antarctica environ environmentalist climatechang slogan endangeredspeci penguin earthday geek,,0.5728161,2023-05-05 23:58:00,Negative
281,rt cernovich global warm is the largest scam in human histori httpstcondxwvbbpmg,,0.5726529,2023-05-05 23:57:59,Negative
282,rt cicined2 toddglennpayne2 thechiefnerd robertkennedyjr he could go a long way with conserv on energi and climat chang if he,,0.56819785,2023-05-05 23:57:54,Negative
283,rt ketanj0 elon musk simultan tri to plea the hard right without lose custom for hi electr car busi is caus him,,0.5737772,2023-05-05 23:57:38,Positive
284,rt cernovich global warm is the largest scam in human histori httpstcondxwvbbpmg,,0.5737154,2023-05-05 23:57:36,Negative
285,rt cernovich global warm is the largest scam in human histori httpstcondxwvbbpmg,,0.57390803,2023-05-05 23:57:15,Positive
286,rt cernovich global warm is the largest scam in human histori httpstcondxwvbbpmg,,0.5736345,2023-05-05 23:57:09,Negative
287,elonmusk cernovich if global warm is such a risk whi are you launch rocket constantli can t tell me their solar or batteri power launch,,0.5715625,2023-05-05 23:56:58,Negative
288,rt cernovich global warm is the largest scam in human histori httpstcondxwvbbpmg,,0.5714675,2023-05-05 23:56:46,Negative
289,rt cernovich global warm is the largest scam in human histori httpstcondxwvbbpmg,,0.57498044,2023-05-05 23:56:45,Positive
290,rt climatecraz global warm is the answer to your problem dure the african humid period ahp your desert were green due to annu,,0.5735075,2023-05-05 23:56:41,Negative
291,rt cernovich global warm is the largest scam in human histori httpstcondxwvbbpmg,,0.5735075,2023-05-05 23:56:41,Negative
292,rt eleftheriaelpi do you know whi all of a sudden co2 is the target it use to be call global warm when they realis it wasn,,0.5725738,2023-05-05 23:56:39,Negative
293,rt cernovich global warm is the largest scam in human histori httpstcondxwvbbpmg,,0.5725129,2023-05-05 23:56:34,Negative
294,rt cernovich global warm is the largest scam in human histori httpstcondxwvbbpmg,,0.57095695,2023-05-05 23:56:32,Negative
295,rt cernovich global warm is the largest scam in human histori httpstcondxwvbbpmg,,0.573755,2023-05-05 23:56:30,Negative
296,rt elonmusk cernovich global warm risk is overblown in the short term but signific in the long term,,0.57076246,2023-05-05 23:56:28,Negative
297,elonmusk cernovich under blow short term global warm risk will be signific in the long term fix it for you,,0.57025933,2023-05-05 23:56:26,Negative
298,rt elonmusk cernovich global warm risk is overblown in the short term but signific in the long term,,0.57025933,2023-05-05 23:56:26,Negative
299,rt climatekev1 i don t have anyon to voic my concern about catastroph manmad global warm to that is whi i come here nobodi,,0.56800705,2023-05-05 23:56:23,Negative
300,rt elonmusk cernovich global warm risk is overblown in the short term but signific in the long term,,0.57222015,2023-05-05 23:56:13,Negative
301,rt cernovich global warm is the largest scam in human histori httpstcondxwvbbpmg,,0.5738287,2023-05-05 23:56:10,Positive
302,rt cernovich global warm is the largest scam in human histori httpstcondxwvbbpmg,,0.5655666,2023-05-05 23:56:05,Negative
303,rt cernovich global warm is the largest scam in human histori httpstcondxwvbbpmg,,0.5744413,2023-05-05 23:55:41,Positive
304,rt drelidavid the best clip youll see on climat chang i am a scientist and i am the founder of weather channel scienc is not abo,,0.5716368,2023-05-05 23:55:30,Negative
305,rt dwnew flood in rwanda have kill 130 peopl expert blame extrem weather event on climat chang africa which contribut th,,0.5710747,2023-05-05 23:55:25,Negative
306,rt rifleman4wvu if we spend 50 trillion on global warm how much will it reduc the world s temperatur avoid the question http,,0.57185334,2023-05-05 23:54:53,Negative
307,rt cernovich global warm is the largest scam in human histori httpstcondxwvbbpmg,,0.57321507,2023-05-05 23:54:49,Negative
308,rt cernovich global warm is the largest scam in human histori httpstcondxwvbbpmg,,0.5701227,2023-05-05 23:54:46,Negative
309,rt therightmelissa in 1970 s the settl scienc by the expert wa tell u the earth wa cool amp an ice age would wipe u out,,0.5711187,2023-05-05 23:54:29,Negative
310,rt cernovich global warm is the largest scam in human histori httpstcondxwvbbpmg,,0.5689633,2023-05-05 23:54:28,Negative
311,rt cernovich global warm is the largest scam in human histori httpstcondxwvbbpmg,,0.5689633,2023-05-05 23:54:28,Negative
312,rt aridavidusa happi cinco de mayo and global warm is fake,,0.56871605,2023-05-05 23:54:27,Negative
313,rt cernovich global warm is the largest scam in human histori httpstcondxwvbbpmg,,0.5688884,2023-05-05 23:54:26,Negative
314,rt cernovich global warm is the largest scam in human histori httpstcondxwvbbpmg,,0.57028383,2023-05-05 23:54:25,Negative
315,rt drelidavid the best clip youll see on climat chang i am a scientist and i am the founder of weather channel scienc is not abo,,0.5729018,2023-05-05 23:54:11,Negative
316,rt drelidavid the best clip youll see on climat chang i am a scientist and i am the founder of weather channel scienc is not abo,,0.5655332,2023-05-05 23:53:54,Negative
317,rt cernovich global warm is the largest scam in human histori httpstcondxwvbbpmg,,0.5695941,2023-05-05 23:53:50,Negative
318,rt ketanj0 elon musk simultan tri to plea the hard right without lose custom for hi electr car busi is caus him,,0.56603605,2023-05-05 23:53:48,Negative
319,rt cernovich global warm is the largest scam in human histori httpstcondxwvbbpmg,,0.56940687,2023-05-05 23:53:44,Negative
320,rt thechiefnerd sen john kennedi destroy energi secretari david turk s global warm propos you don t know do you mr secretari,,0.56940687,2023-05-05 23:53:44,Negative
321,rt cernovich global warm is the largest scam in human histori httpstcondxwvbbpmg,,0.57227355,2023-05-05 23:53:41,Negative
322,rt elonmusk cernovich global warm risk is overblown in the short term but signific in the long term,,0.5705,2023-05-05 23:53:35,Negative
323,rt climatecraz for those who studi data versu climatescam global warm is the healthier climat httpstcoufnunfwzib,,0.569055,2023-05-05 23:53:28,Negative
324,rt cernovich global warm is the largest scam in human histori httpstcondxwvbbpmg,,0.569055,2023-05-05 23:53:28,Negative
325,rt cernovich global warm is the largest scam in human histori httpstcondxwvbbpmg,,0.57108784,2023-05-05 23:53:13,Negative
326,rt cernovich global warm is the largest scam in human histori httpstcondxwvbbpmg,,0.57335675,2023-05-05 23:53:10,Negative
327,rt cernovich global warm is the largest scam in human histori httpstcondxwvbbpmg,,0.57335675,2023-05-05 23:53:10,Negative
328,rt eliotjacobson the most complet warm stripe ever each day from jan 1 1979 to may 4 2023 is list column are year row t,,0.57269686,2023-05-05 23:52:53,Negative
329,rt drelidavid if thi global warm continu well all freez to death httpstco5jrfpo9s1r,,0.5747969,2023-05-05 23:52:49,Positive
330,rt mohanrngnathan global warm ha definit chang weather pattern dgca should do away with silli restrict like monsoon check,,0.57220644,2023-05-05 23:52:40,Negative
331,rt cernovich global warm is the largest scam in human histori httpstcondxwvbbpmg,,0.5706846,2023-05-05 23:52:32,Negative
332,happi cinco de mayo and global warm is fake,,0.5673504,2023-05-05 23:52:23,Negative
333,rjbrocklin elonmusk cernovich a i will destroy u befor global warm,,0.5732758,2023-05-05 23:52:15,Negative
334,rt elonmusk cernovich global warm risk is overblown in the short term but signific in the long term,,0.57501566,2023-05-05 23:52:03,Positive
335,rt cernovich global warm is the largest scam in human histori httpstcondxwvbbpmg,,0.5775255,2023-05-05 23:52:02,Positive
336,rt elonmusk cernovich global warm risk is overblown in the short term but signific in the long term,,0.5727618,2023-05-05 23:52:00,Negative
337,rt cernovich global warm is the largest scam in human histori httpstcondxwvbbpmg,,0.56528443,2023-05-05 23:51:57,Negative
338,rt cernovich global warm is the largest scam in human histori httpstcondxwvbbpmg,,0.56528443,2023-05-05 23:51:57,Negative
339,foxnew senjohnkennedi all i know is that after the raptur global warm investor are go to want their money back after all hell liter break loo,,0.56603223,2023-05-05 23:51:56,Negative
340,rt cernovich global warm is the largest scam in human histori httpstcondxwvbbpmg,,0.5706405,2023-05-05 23:51:55,Negative
341,cernovich global warm is anoth leftist euphem for larg corpor pollut from loo fed restrict they buri our trash sell you pollut water it all your fault world,,0.5715481,2023-05-05 23:51:53,Negative
342,rt cernovich global warm is the largest scam in human histori httpstcondxwvbbpmg,,0.57130486,2023-05-05 23:51:50,Negative
343,rt elonmusk cernovich global warm risk is overblown in the short term but signific in the long term,,0.5726677,2023-05-05 23:51:45,Negative
344,rt ketanj0 elon musk simultan tri to plea the hard right without lose custom for hi electr car busi is caus him,,0.5726677,2023-05-05 23:51:45,Negative
345,rt cernovich global warm is the largest scam in human histori httpstcondxwvbbpmg,,0.56996995,2023-05-05 23:51:43,Negative
346,rt cernovich global warm is the largest scam in human histori httpstcondxwvbbpmg,,0.57204366,2023-05-05 23:51:39,Negative
347,rt cernovich global warm is the largest scam in human histori httpstcondxwvbbpmg,,0.57058674,2023-05-05 23:51:35,Negative
348,rt cernovich global warm is the largest scam in human histori httpstcondxwvbbpmg,,0.57176673,2023-05-05 23:51:30,Negative
349,rt ketanj0 elon musk simultan tri to plea the hard right without lose custom for hi electr car busi is caus him,,0.5713049,2023-05-05 23:51:14,Negative
350,rt cernovich global warm is the largest scam in human histori httpstcondxwvbbpmg,,0.5717115,2023-05-05 23:51:12,Negative
351,rt therightmelissa in 1970 s the settl scienc by the expert wa tell u the earth wa cool amp an ice age would wipe u out,,0.5716711,2023-05-05 23:51:09,Negative
352,rt elonmusk cernovich global warm risk is overblown in the short term but signific in the long term,,0.57092834,2023-05-05 23:51:04,Negative
353,rt cernovich global warm is the largest scam in human histori httpstcondxwvbbpmg,,0.5706916,2023-05-05 23:50:58,Negative
354,rt ketanj0 elon musk simultan tri to plea the hard right without lose custom for hi electr car busi is caus him,,0.5707644,2023-05-05 23:50:55,Negative
355,rt cernovich global warm is the largest scam in human histori httpstcondxwvbbpmg,,0.5666216,2023-05-05 23:50:54,Negative
356,eleftheriaelpi correcttowmundo global warm becam climat chang now too much rain too littl rain too warm too cold too windi too calm whatev they don t like it s climat chang,,0.57457644,2023-05-05 23:50:47,Positive
357,rt cernovich global warm is the largest scam in human histori httpstcondxwvbbpmg,,0.57166713,2023-05-05 23:50:46,Negative
358,rt therightmelissa in 1970 s the settl scienc by the expert wa tell u the earth wa cool amp an ice age would wipe u out,,0.57085407,2023-05-05 23:50:43,Negative
359,rt therightmelissa in 1970 s the settl scienc by the expert wa tell u the earth wa cool amp an ice age would wipe u out,,0.5736857,2023-05-05 23:50:39,Negative
360,rt cernovich global warm is the largest scam in human histori httpstcondxwvbbpmg,,0.5705478,2023-05-05 23:50:26,Negative
361,rt cernovich global warm is the largest scam in human histori httpstcondxwvbbpmg,,0.57242334,2023-05-05 23:50:25,Negative
362,rt mjjohns89100431 rksalberta radicalranger1 albertaucp that is one of the stupidest decis ever a rappel team may be the onli,,0.57373023,2023-05-05 23:50:19,Negative
363,rt prashantadvait the obviou destruct consum cultur the obviou global warm the obviou inequ in incom the obviou a,,0.57121426,2023-05-05 23:50:17,Negative
364,rt cernovich global warm is the largest scam in human histori httpstcondxwvbbpmg,,0.5722612,2023-05-05 23:50:14,Negative
365,rt cernovich global warm is the largest scam in human histori httpstcondxwvbbpmg,,0.57288224,2023-05-05 23:50:09,Negative
366,jordanbpeterson global warm amp co2 emiss ha been a put up job for one world govern sinc 1989 and the un ha been at the center of it ask judith curri that whi the i in ipcc stand for intergovernment,,0.5652011,2023-05-05 23:50:05,Negative
367,rt climatecraz for those who studi data versu climatescam global warm is the healthier climat httpstcoufnunfwzib,,0.5722077,2023-05-05 23:49:44,Negative
368,elonmusk cernovich global warm is anoth euphem forlarg corpor pollut with loo as restrict,,0.5720331,2023-05-05 23:49:35,Negative
369,rt rifleman4wvu if we spend 50 trillion on global warm how much will it reduc the world s temperatur avoid the question http,,0.57551503,2023-05-05 23:49:18,Positive
370,rt carlarombot engineersfe what make it use or not is the uncontrol natur of human behavior and action toward natur and i,,0.57234347,2023-05-05 23:49:17,Negative
371,rt elonmusk cernovich global warm risk is overblown in the short term but signific in the long term,,0.5654943,2023-05-05 23:49:05,Negative
372,rt cernovich global warm is the largest scam in human histori httpstcondxwvbbpmg,,0.5702401,2023-05-05 23:48:52,Negative
373,cernovich freedomandbook we need a massiv crime against human tribun for covid the migrant scam the global warm scam and the globalist scam,,0.57074195,2023-05-05 23:48:48,Negative
374,engineersfe what make it use or not is the uncontrol natur of human behavior and action toward natur and in use technolog invent which result in environment damag flood drought landslid global warm hunger etc,,0.57429254,2023-05-05 23:48:45,Positive
375,34r0cket chuckcallesto global warm theori is hoax and fail same thing to climat chang theori whi they are same thing 100,,0.57439363,2023-05-05 23:48:41,Positive
376,rt cernovich global warm is the largest scam in human histori httpstcondxwvbbpmg,,0.57090956,2023-05-05 23:48:35,Negative
377,rt ketanj0 elon musk simultan tri to plea the hard right without lose custom for hi electr car busi is caus him,,0.5709711,2023-05-05 23:48:32,Negative
378,rt cernovich global warm is the largest scam in human histori httpstcondxwvbbpmg,,0.56804115,2023-05-05 23:48:23,Negative
379,rt ketanj0 elon musk simultan tri to plea the hard right without lose custom for hi electr car busi is caus him,,0.5728131,2023-05-05 23:48:21,Negative
380,abdaniellesmith do you think global warm might have someth to do with it,,0.57509583,2023-05-05 23:48:18,Positive
381,marcgoldwein gregip i like the idea of delay the debt ceil until after the budg is approv but spend cut are not the onli fiscal solut we could rais tax that would be disinflationari help balanc the budget and not jeopard the global warm initi critic to earth,,0.5734602,2023-05-05 23:48:15,Negative
382,rt tonyclim antonioguterr in 1989 the un said we onli had until the year 2000 to save the planet from global warm thirti five,,0.5752333,2023-05-05 23:48:11,Positive
383,rt cernovich global warm is the largest scam in human histori httpstcondxwvbbpmg,,0.571697,2023-05-05 23:48:08,Negative
384,rt unacceptablejj rebelalberta most like or hire activist to help fuel the global warm agenda,,0.5718019,2023-05-05 23:48:06,Negative
385,rt climatecraz global warm is the answer to your problem dure the african humid period ahp your desert were green due to annu,,0.57069296,2023-05-05 23:47:54,Negative
386,rt cernovich global warm is the largest scam in human histori httpstcondxwvbbpmg,,0.5790628,2023-05-05 23:47:49,Positive
387,rt cernovich global warm is the largest scam in human histori httpstcondxwvbbpmg,,0.5716902,2023-05-05 23:47:48,Negative
388,rt cernovich global warm is the largest scam in human histori httpstcondxwvbbpmg,,0.57389253,2023-05-05 23:47:28,Positive
389,rt cernovich global warm is the largest scam in human histori httpstcondxwvbbpmg,,0.57102615,2023-05-05 23:47:23,Negative
390,rt cernovich global warm is the largest scam in human histori httpstcondxwvbbpmg,,0.57679576,2023-05-05 23:47:19,Positive
391,rt cernovich global warm is the largest scam in human histori httpstcondxwvbbpmg,,0.57782674,2023-05-05 23:47:18,Positive
392,rt cernovich global warm is the largest scam in human histori httpstcondxwvbbpmg,,0.57534474,2023-05-05 23:47:06,Positive
393,rt mordantivor in 2021 india ran out of fuel for cremat due to the million dead from covid over summer the heat wave from global,,0.5674417,2023-05-05 23:46:54,Negative
394,londyncamil global warm,,0.5697611,2023-05-05 23:46:27,Negative
395,corky77714 global warm,,0.573659,2023-05-05 23:46:19,Negative
396,rt cernovich global warm is the largest scam in human histori httpstcondxwvbbpmg,,0.5722877,2023-05-05 23:46:09,Negative
397,rt doyleesth newstalkfm global warm is get colder climatecult climatescam wokemindviru wokeismarx nohatespeec,,0.57428044,2023-05-05 23:46:03,Positive
398,rt cernovich global warm is the largest scam in human histori httpstcondxwvbbpmg,,0.57726055,2023-05-05 23:46:02,Positive
399,rt cernovich global warm is the largest scam in human histori httpstcondxwvbbpmg,,0.5738589,2023-05-05 23:45:59,Positive
400,rt cernovich global warm is the largest scam in human histori httpstcondxwvbbpmg,,0.5739829,2023-05-05 23:45:58,Positive
401,rt cernovich global warm is the largest scam in human histori httpstcondxwvbbpmg,,0.57106525,2023-05-05 23:45:52,Negative
402,jtheretohelp1 small dose of hopium small dose of truthium keep the major of fenc sitter on the plantat he honestli promot a mar civil a tesla in orbit long term global warmingetc all scam a charact for the next gen to follow into their pen wykyk,,0.5663592,2023-05-05 23:45:51,Negative
403,rt metrodecorguy climatecult globalwarminghoax maga americafirst liberalhypocrisi it s been the chilliest wettest fall winter amp,,0.5663592,2023-05-05 23:45:51,Negative
404,rt cernovich global warm is the largest scam in human histori httpstcondxwvbbpmg,,0.57196033,2023-05-05 23:45:50,Negative
405,rt cernovich global warm is the largest scam in human histori httpstcondxwvbbpmg,,0.5747956,2023-05-05 23:45:42,Positive
406,rt elonmusk cernovich global warm risk is overblown in the short term but signific in the long term,,0.57245064,2023-05-05 23:45:32,Negative
407,newstalkfm global warm is get colder climatecult climatescam wokemindviru wokeismarx nohatespeechlaw,,0.57048357,2023-05-05 23:45:23,Negative
408,rt cernovich global warm is the largest scam in human histori httpstcondxwvbbpmg,,0.57687753,2023-05-05 23:45:18,Positive
409,rt cernovich global warm is the largest scam in human histori httpstcondxwvbbpmg,,0.57663673,2023-05-05 23:45:15,Positive
410,rt cernovich global warm is the largest scam in human histori httpstcondxwvbbpmg,,0.5748613,2023-05-05 23:45:09,Positive
411,rt cernovich global warm is the largest scam in human histori httpstcondxwvbbpmg,,0.5721122,2023-05-05 23:44:59,Negative
412,rt climateben 2 utterli horrif impact human wouldnt cope with are now understood to happen at or below 3 degre of warm not,,0.5704463,2023-05-05 23:44:43,Negative
413,rt cernovich global warm is the largest scam in human histori httpstcondxwvbbpmg,,0.5704463,2023-05-05 23:44:43,Negative
414,rt cernovich global warm is the largest scam in human histori httpstcondxwvbbpmg,,0.5740284,2023-05-05 23:44:42,Positive
415,rt elonmusk cernovich global warm risk is overblown in the short term but signific in the long term,,0.57381207,2023-05-05 23:44:40,Positive
416,rt climatecraz global warm is the answer to your problem dure the african humid period ahp your desert were green due to annu,,0.5734424,2023-05-05 23:44:35,Negative
417,rt cernovich global warm is the largest scam in human histori httpstcondxwvbbpmg,,0.572724,2023-05-05 23:44:32,Negative
418,rt cernovich global warm is the largest scam in human histori httpstcondxwvbbpmg,,0.5714609,2023-05-05 23:44:26,Negative
419,rt cernovich global warm is the largest scam in human histori httpstcondxwvbbpmg,,0.5755531,2023-05-05 23:44:15,Positive
420,rt cernovich global warm is the largest scam in human histori httpstcondxwvbbpmg,,0.56689614,2023-05-05 23:43:54,Negative
421,tonyclim michaelemann what he did to dr tim ball in bc court wa atroci they deliber delay court know they couldn t prove their global warm scam wait for all of dr tim ball wit to die know they were older just so they couldn t speak and prove him dead wrong httpstcokgxmy6ya1w,,0.5738165,2023-05-05 23:43:47,Positive
422,rt elonmusk cernovich global warm risk is overblown in the short term but signific in the long term,,0.5739892,2023-05-05 23:43:45,Positive
423,jbbrav0 idrlab justmisogyni religion wealth share affirm action repar global warm etc all of thi is irrelev if we cant defin what a woman is i stop debat religion becaus of thi ive met lot of amaz religi peopl whom i believ to be demon who are against gi,,0.5727824,2023-05-05 23:43:36,Negative
424,rt climatecraz global warm is the answer to your problem dure the african humid period ahp your desert were green due to annu,,0.5727824,2023-05-05 23:43:36,Negative
425,rt cernovich global warm is the largest scam in human histori httpstcondxwvbbpmg,,0.5727378,2023-05-05 23:43:33,Negative
426,rt elonmusk cernovich global warm risk is overblown in the short term but signific in the long term,,0.56949425,2023-05-05 23:43:22,Negative
427,rt cernovich global warm is the largest scam in human histori httpstcondxwvbbpmg,,0.57354754,2023-05-05 23:43:20,Negative
428,rt cernovich global warm is the largest scam in human histori httpstcondxwvbbpmg,,0.5713166,2023-05-05 23:43:17,Negative
429,rt cernovich global warm is the largest scam in human histori httpstcondxwvbbpmg,,0.5694394,2023-05-05 23:43:16,Negative
430,rt ketanj0 elon musk simultan tri to plea the hard right without lose custom for hi electr car busi is caus him,,0.5709376,2023-05-05 23:43:04,Negative
431,rt elonmusk cernovich global warm risk is overblown in the short term but signific in the long term,,0.57360876,2023-05-05 23:43:03,Negative
432,rt 2020boeti the temperatur ha slightli increas becaus we compar it to the lowest temperatur in the last 10000 year compar,,0.57191217,2023-05-05 23:42:13,Negative
433,rt cernovich global warm is the largest scam in human histori httpstcondxwvbbpmg,,0.57401854,2023-05-05 23:42:09,Positive
434,rt washingtonpost the arriv of el niÃ±o could mean signific impact worldwid includ a push toward level of global warm that,,0.5681896,2023-05-05 23:41:57,Negative
435,rt climatecraz global warm is the answer to your problem dure the african humid period ahp your desert were green due to annu,,0.5757786,2023-05-05 23:41:49,Positive
436,rt theinsiderpap alert major financi firm that publicli support effort to limit global warm have billion invest in the world,,0.57541376,2023-05-05 23:41:39,Positive
437,amalgam8ion nah covid chine liber conspiraci it aint real like nonbinari and global warm none of it is scientif proven global warm whi is it colder here then,,0.5754661,2023-05-05 23:41:37,Positive
438,rt clim8resist 3 what ha been claim is that there is no evid base in observ of increas risk from global warm an,,0.57491153,2023-05-05 23:41:36,Positive
439,rt eddiehustle7 ronfilipkowski marg is final on the global warm train welcom to the resist we need all toe on deck even if,,0.5734352,2023-05-05 23:41:31,Negative
440,rt cernovich global warm is the largest scam in human histori httpstcondxwvbbpmg,,0.5727197,2023-05-05 23:41:21,Negative
441,rlarno feberpitch ketanj0 to be fair he acknowledg global warm but there have been some famou alarmist eg al gore claim the polar ice cap would melt by 2013 and greta thunberg more recent delet thi tweet after the predict prove wrong probabl contrast himself with them httpstcotchhi8xpdk,,0.5727197,2023-05-05 23:41:21,Negative
442,rt cernovich global warm is the largest scam in human histori httpstcondxwvbbpmg,,0.5763059,2023-05-05 23:41:06,Positive
443,rt cernovich global warm is the largest scam in human histori httpstcondxwvbbpmg,,0.57419103,2023-05-05 23:41:04,Positive
444,rt cernovich global warm is the largest scam in human histori httpstcondxwvbbpmg,,0.57244706,2023-05-05 23:40:55,Negative
445,rt elonmusk cernovich global warm risk is overblown in the short term but signific in the long term,,0.5734985,2023-05-05 23:40:53,Negative
446,rt brattworld how are we go to fix global warm if onli a dozen or so countri are particip,,0.5702524,2023-05-05 23:40:52,Negative
447,rt cernovich global warm is the largest scam in human histori httpstcondxwvbbpmg,,0.57380974,2023-05-05 23:40:45,Positive
448,3 what ha been claim is that there is no evid base in observ of increas risk from global warm and climat chang 4 thi rais the question of how such a paradox can have arisen,,0.5737197,2023-05-05 23:40:42,Negative
449,rt cernovich global warm is the largest scam in human histori httpstcondxwvbbpmg,,0.57487756,2023-05-05 23:40:40,Positive
450,rt elonmusk cernovich global warm risk is overblown in the short term but signific in the long term,,0.57321435,2023-05-05 23:40:30,Negative
451,rt elonmusk cernovich global warm risk is overblown in the short term but signific in the long term,,0.5670552,2023-05-05 23:40:23,Negative
452,rt cernovich global warm is the largest scam in human histori httpstcondxwvbbpmg,,0.5670552,2023-05-05 23:40:23,Negative
453,rt cernovich global warm is the largest scam in human histori httpstcondxwvbbpmg,,0.57494104,2023-05-05 23:40:18,Positive
454,rt cernovich global warm is the largest scam in human histori httpstcondxwvbbpmg,,0.57299757,2023-05-05 23:40:14,Negative
455,rt cernovich global warm is the largest scam in human histori httpstcondxwvbbpmg,,0.574223,2023-05-05 23:39:49,Positive
456,rt cernovich global warm is the largest scam in human histori httpstcondxwvbbpmg,,0.5707886,2023-05-05 23:39:46,Negative
457,rt cernovich global warm is the largest scam in human histori httpstcondxwvbbpmg,,0.57188654,2023-05-05 23:39:36,Negative
458,rt davidnelsonnm meidastouch moehig and when power bill are over 500 for 9 month a year you ll blame god amp global warm right se,,0.5720233,2023-05-05 23:39:33,Negative
459,rt ebubec1 benhundeyin whi must the shanti be set on fire doesn t the policeng lagospoliceng rrslagos767 understand the implicati,,0.5713744,2023-05-05 23:39:25,Negative
